Id,Comment,Review
1,Umda shot! 😍,1
2,Yeh tasveer pasand hai! ❤️,1
3,Zabardast content! 👌,1
4,Shandar post! 😊,1
5,Khoobsurat capture! ,1
6,Bilkul hairat angez! 😍,1
7,Karigar kaam! 👏,1
8,Yeh toh awesome hai! 🙌,1
9,Bahut prerna dene wala! 💫,1
10,Bilkul pyaar hai ise! 💖,1
11,Not impressed,0
12,Nirasha janak photo. 😕,0
13,Yeh mere cup ki chai nahi. 🤷‍♂️,0
14,Thoda behtar ho sakta hai. 🤔,0
15,"Meh, yeh thik hai. 😐",0
16,Kuch khaas nahi. 🙄,0
17,Sudhar ki zarurat hai. 💭,0
18,Mujhe yeh pasand nahi. 😔,0
19,Bas thik hai. 😕,0
20,Thoda aur creative ho sakta tha. 💡,0
21,Yeh lajawab hai! 😍,1
22,Vibes pasand hai! ✨,1
23,Bahut talent hai! 👏,1
24,Bilkul shandar! 💖,1
25,Yeh dil churane wala hai! 😱,1
26,Shandar kaam! 👍,1
27,Isse mein dewana! 😍,1
28,Tumne toh bullseye lagaya! 🎯,1
29,Isse mein obsessed! 😍,1
30,Shandar kaam! 💯,1
31,Yeh mere style nahi. 🤷‍♀️,0
32,Yeh mujhe nahi lag raha. 😔,0
33,Thoda behtar execute kiya ja sakta tha. 💭,0
34,Meri nazar mein nahi aaya. 🙄,0
35,Ismein sudhar ki zarurat hai. 📝,0
36,Kuch kami hai. 🤔,0
37,Yeh meri ummedo se alag hai. 😕,0
38,Nishana chook gaya. 🎯,0
39,"Acha prayas, par nahi. 🚫",0
40,Yeh toh aag hai! 🔥,1
41,Yahaan itna talent hai! 👌,1
42,Bilkul hairat angez! 😍,1
43,Karigar click! 📸,1
44,Yeh perfection hai! 👌,1
45,Bilkul fascinate kar dene wala! 😍,1
46,Prabhavit karne wala kaam! 👏,1
47,Mujhe yeh bilkul pasand hai! 💖,1
48,Yeh lajawab hai! 😍,1
49,Mujhe yeh sab kuch hai! 💖,1
50,Dimag uda dene wala! 🤯,1
51,Itna talent! 👏,1
52,Yeh epic hai! 🚀,1
53,Sach mein impress ho gaya! 👍,1
54,Yeh top-notch hai! 👌,1
55,Pura brilliance hai! 💫,1
56,Prerna dene wala! 🌈,1
57,Nishana lagane mein kami reh gayi. 😔,0
58,Vichar shunya hai. 🤔,0
59,Nichle star tak pahunchne mein kami hai. 😕,0
60,Aur ummed thi. 😒,0
61,Mera style nahi. 🤷‍♂️,0
62,Thoda behtar execute kiya ja sakta tha. 💭,0
63,Yeh meri dhyan nahi bhatkata. 🙄,0
64,Nishana chook gaya. 🎯,0
65,Meri cup ki chai nahi. 🍵,0
66,Yeh lajawab hai! 😍,1
67,Yeh sab kuch hai! 🌟,1
68,Mujhe yeh sab kuch hai! 😍,1
69,Karigar kaam! 👏,1
70,Shot pasand aaya! 😍,1
71,Zabardast kaam! ✨,1
72,Shandar tasveer! 👏,1
73,Brilliant! 🙌,1
74,Bilkul khoobsurat! 💖,1
75,Aisa pyaara photo! 😊,1
76,Mujhe yeh pasand nahi. 😔,0
77,Yeh achha nahi hai. 😞,0
78,Nirasha janak quality. 😔,0
79,Mujhe behtar ummed thi. 😕,0
80,Mujhe ismein koi dilchaspi nahi hai. 😴,0
81,Yeh bhayanak hai. 😠,0
82,Main nirasha mein hoon. 😞,0
83,Iske baare mein thoda bhi dhyan nahi hai. 🤷‍♂️,-1
84,"Yeh thik hai, maine socha. 😐",-1
85,Mujhe iske baare mein mishrit vichar hain. 🤔,-1
86,Main iske baare mein kisi mazboot raay nahi rakhta. 😐,-1
87,Main iske baare mein udas hoon. 🤔,-1
88,Main iske baare mein nishprabhavi hoon. 😐,-1
89,Yeh behtar ho sakta hai. ,0
90,Yeh kamaal hai! Tumhare liye bahut khush hoon. ,1
91,Khusi se phat gaya!,1
92,Itna jeet! ,1
93,Main badal ke paar hoon!,1
94,Yeh mera din ban gaya!,1
95,Iske dekhne ke baad main niche mehsoos kar raha hoon. ,0
96,Yeh woh nahi tha jo main ummeed kar raha tha. ,0
97,Nirasha mein hoon. ,0
98,Nirasha mein hoon. ,0
99,Gusse mein hoon.,0
100,Mujhe kuch khaas nahi. ,-1
101,Yeh koi badi baat nahi hai. ,-1
102,Iske baare mein main nirbhik hoon. ,-1
103,Main nahi janta ki iske baare mein kaisa mahsus karta hoon. ,-1
104,Main iske baare mein nirbhik hoon. ,-1
105,Iska koi bada mayne nahi hai. ,-1
106,Yeh naya updates pasand hai! Bahut badiya kaam! ,1
107,Aage kya dekhne ke liye utsaahit! ,1
108,Purane se sudhar par zabardast kaam! ,1
109,Tumhari shabdon se prerna milti hai! ,1
110,Aise utharne wali sandesh! ,1
111,Tumhari videos se maza aa raha hai! ,1
112,Yeh delivery mein der se khush nahi hoon. ,0
113,Yeh nirasha janak khabar hai. ,0
114,Quality se impress nahi hoon. ,0
115,Traffic se naraaz hoon. ,0
116,Itna samay barbaad. ,0
117,Main entertain nahi hoon. ,0
118,"Yeh thik hai, lagta hai. ",-1
119,Na toh accha na bura. ,-1
120,Iske baare mein main nirbhik hoon. ,-1
121,Main iske baare mein nahi janta ki kaisa mahsus karta hoon. ,-1
122,"Yeh thik hai, maine socha. ",-1
123,Main iske baare mein nirbhik hoon. ,-1
124,Naya feature pasand hai! Jindagi itni aasaan ho gayi hai. ,1
125,Latest update ko try karne ke liye utsaahit! ,1
126,Yeh uttam khabar hai! ,1
127,Tumhari shabdon se prerna milti hai! ,1
128,Aise utharne wali sandesh! ,1
129,Tumhari videos se maza aa raha hai! ,1
130,Yeh delivery mein der se khush nahi hoon. ,0
131,Yeh nirasha janak khabar hai. ,0
132,Quality se impress nahi hoon. ,0
133,Traffic se naraaz hoon. ,0
134,Itna samay barbaad. ,0
135,Main entertain nahi hoon. ,0
136,"Yeh thik hai, lagta hai. ",-1
137,Na toh accha na bura. ,-1
138,Iske baare mein main nirbhik hoon. ,-1
139,Main iske baare mein nahi janta ki kaisa mahsus karta hoon. ,-1
140,"Yeh thik hai, maine socha. ",-1
141,Main iske baare mein nirbhik hoon. ,-1
142,Naya feature pasand hai! Jindagi itni aasaan ho gayi hai. ,1
143,Latest update ko try karne ke liye utsaahit! ,1
144,Yeh uttam khabar hai! ,1
145,Tumhari shabdon se prerna milti hai! ,1
146,Aise utharne wali sandesh! ,1
147,Tumhari videos se maza aa raha hai! ,1
148,Yeh delivery mein der se khush nahi hoon. ,0
149,Yeh nirasha janak khabar hai. ,0
150,Quality se impress nahi hoon. ,0
151,Traffic se naraaz hoon. ,0
152,Itna samay barbaad. ,0
153,Main entertain nahi hoon. ,0
154,"Yeh thik hai, lagta hai. ",-1
155,Na toh accha na bura. ,-1
156,Iske baare mein main nirbhik hoon. ,-1
157,Main iske baare mein nahi janta ki kaisa mahsus karta hoon. ,-1
158,"Yeh thik hai, maine socha. ",-1
159,Main iske baare mein nirbhik hoon. ,-1
160,Yeh lajawab hai! Main tumhare liye bahut khush hoon. ,1
161,Aur khush nahi ho sakta!,1
162,Aise jit! ,1
163,Main akash mein ud raha hoon!,1
164,Yeh mera din bana diya!,1
165,Main iske baad thoda niche mahsoos kar raha hoon. ,0
166,Woh nahi mila jo main ummeed kar raha tha. ,0
167,Nirasha mein hoon. ,0
168,Nirasha mein hoon. ,0
169,Pis gaya hoon.,0
170,Mujhe isse kuch khaas nahi. ,-1
171,Yeh koi badi baat nahi hai. ,-1
172,Main iske baare mein nirbhik hoon. ,-1
173,Main iske baare mein kisi mazboot raay nahi rakhta. ,-1
174,"Main iske baare mein kaisa mahsus karta hoon, mujhe nahi pata. ",-1
175,Main iske baare mein nirbhik hoon. ,-1
176,Iska koi bada mayne nahi hai. ,-1
177,Yeh lajawab hai! 😍,1
178,Bahut khush hoon!,1
179,Aise jeet! ,1
180,Mujhe is baat se upar khushi nahi hai!,1
181,Yeh meri din bana diya!,1
182,Main is baat se neeche mahsoos kar raha hoon. ,0
183,Main isse ummida nahi tha. ,0
184,Main isse ummida nahi tha.,0
185,Main is baat se gira hoon.,0
186,Main krodhit hoon.,0
187,Main is baat se bhaavuk hoon.,0
188,Main iske baare mein nirbhik hoon. ,-1
189,Iska koi bada mayne nahi hai. ,-1
190,Pyara shot! ,1
191,Karigar kaam! ,1
192,Shandar tasveer! ,1
193,Brilliant! ,1
194,Bilkul khoobsurat! ,1
195,Aise pyaara photo! ,1
196,Mujhe yeh pasand nahi. 😒,0
197,Yeh achha nahi hai. ,0
198,Nirasha janak quality. ,0
199,Mujhe yeh se dilchaspi nahi hai. ,0
200,Yeh bhayanak hai. ,0
201,Main khush nahi hoon. 😞,0
202,Iske baare mein main nirbhik hoon. ,-1
203,"Yeh achha toh hai, maine socha. 😐",-1
204,Yeh keval thik hai. 😕,-1
205,Iske baare mein main nirbhik hoon. ,-1
206,"Main iske baare mein kaisa mahsus karta hoon, mujhe nahi pata. ",-1
207,Main iske baare mein nirbhik hoon. ,-1
208,Iska koi bada mayne nahi hai. ,-1
209,Pyara shot! ,1
210,Karigar kaam! ,1
211,Shandar tasveer! ,1
212,Brilliant! ,1
213,Bilkul khoobsurat! ,1
214,Aise pyaara photo! ,1
215,Mujhe yeh pasand nahi. 😒,0
216,Yeh achha nahi hai. ,0
217,Nirasha janak quality. ,0
218,Mujhe yeh se dilchaspi nahi hai. ,0
219,Yeh bhayanak hai. ,0
220,Main khush nahi hoon. 😞,0
221,Iske baare mein main nirbhik hoon. ,-1
222,"Yeh achha toh hai, maine socha. 😐",-1
223,Yeh keval thik hai. 😕,-1
224,Iske baare mein main nirbhik hoon. ,-1
225,"Main iske baare mein kaisa mahsus karta hoon, mujhe nahi pata. ",-1
226,Main iske baare mein nirbhik hoon. ,-1
227,Iska koi bada mayne nahi hai. ,-1
228,Pyara shot! ,1
229,Karigar kaam! ,1
230,Shandar tasveer! ,1
231,Brilliant! ,1
232,Bilkul khoobsurat! ,1
233,Aise pyaara photo! ,1
234,Mujhe yeh pasand nahi. 😒,0
235,Yeh achha nahi hai. ,0
236,Nirasha janak quality. ,0
237,Mujhe yeh se dilchaspi nahi hai. ,0
238,Yeh bhayanak hai. ,0
239,Main khush nahi hoon. 😞,0
240,Iske baare mein main nirbhik hoon. ,-1
241,"Yeh achha toh hai, maine socha. 😐",-1
242,Yeh keval thik hai. 😕,-1
243,Iske baare mein main nirbhik hoon. ,-1
244,"Main iske baare mein kaisa mahsus karta hoon, mujhe nahi pata. ",-1
245,Main iske baare mein nirbhik hoon. ,-1
246,Iska koi bada mayne nahi hai. ,-1
247,Yeh lajawab hai! ,1
248,Bahut khush hoon!,1
249,Aise jeet! ,1
250,Mujhe is baat se upar khushi nahi hai!,1
251,Yeh meri din bana diya!,1
252,Main is baad thoda niche mahsoos kar raha hoon. ,0
253,Woh nahi mila jo main ummeed kar raha tha. ,0
254,Nirasha mein hoon. ,0
255,Nirasha mein hoon. ,0
256,Pis gaya hoon.,0
257,Mujhe isse kuch khaas nahi. ,-1
258,Yeh koi badi baat nahi hai. ,-1
259,Main iske baare mein nirbhik hoon. ,-1
260,Main iske baare mein kisi mazboot raay nahi rakhta. ,-1
261,"Main iske baare mein kaisa mahsus karta hoon, mujhe nahi pata. ",-1
262,Main iske baare mein nirbhik hoon. ,-1
263,Iska koi bada mayne nahi hai. ,-1
264,Yeh lajawab hai! 😍,1
265,Bahut khush hoon!,1
266,Aise jeet! ,1
267,Mujhe is baat se upar khushi nahi hai!,1
268,Yeh meri din bana diya!,1
269,Main is baad thoda niche mahsoos kar raha hoon. ,0
270,Woh nahi mila jo main ummeed kar raha tha. ,0
271,Nirasha mein hoon. ,0
272,Nirasha mein hoon. ,0
273,Pis gaya hoon.,0
274,Mujhe isse kuch khaas nahi. ,-1
275,Yeh koi badi baat nahi hai. ,-1
276,Main iske baare mein nirbhik hoon. ,-1
277,Main iske baare mein kisi mazboot raay nahi rakhta. ,-1
278,"Main iske baare mein kaisa mahsus karta hoon, mujhe nahi pata. ",-1
279,Main iske baare mein nirbhik hoon. ,-1
280,Iska koi bada mayne nahi hai. ,-1
281,Pyara shot! ,1
282,Karigar kaam! ,1
283,Shandar tasveer! ,1
284,Brilliant! ,1
285,Bilkul khoobsurat! ,1
286,Aise pyaara photo! ,1
287,Mujhe yeh pasand nahi. 😒,0
288,Yeh achha nahi hai. ,0
289,Nirasha janak quality. ,0
290,Mujhe yeh se dilchaspi nahi hai. ,0
291,Yeh bhayanak hai. ,0
292,Main khush nahi hoon. 😞,0
293,Iske baare mein main nirbhik hoon. ,-1
294,"Yeh achha toh hai, maine socha. 😐",-1
295,Yeh keval thik hai. 😕,-1
296,Iske baare mein main nirbhik hoon. ,-1
297,"Main iske baare mein kaisa mahsus karta hoon, mujhe nahi pata. ",-1
298,Main iske baare mein nirbhik hoon. ,-1
299,Iska koi bada mayne nahi hai. ,-1
300,Pyara shot! ,1
301,Karigar kaam! ,1
302,Shandar tasveer! ,1
303,Brilliant! ,1
304,Bilkul khoobsurat! ,1
305,Aise pyaara photo! ,1
306,Mujhe yeh pasand nahi. 😒,0
307,Yeh achha nahi hai. ,0
308,Nirasha janak quality. ,0
309,Mujhe yeh se dilchaspi nahi hai. ,0
310,Yeh bhayanak hai. ,0
311,Main khush nahi hoon. 😞,0
312,Iske baare mein main nirbhik hoon. ,-1
313,"Yeh achha toh hai, maine socha. 😐",-1
314,Yeh keval thik hai. 😕,-1
315,Iske baare mein main nirbhik hoon. ,-1
316,"Main iske baare mein kaisa mahsus karta hoon, mujhe nahi pata. ",-1
317,Main iske baare mein nirbhik hoon. ,-1
318,Iska koi bada mayne nahi hai. ,-1
319,Tum bahut achha kar rahe ho!,1
320,Tum mera pasandida YouTuber ho!,1
321,Mujhe is video se nirash hai.,0
322,Ye mere ummeed ke khilaaf hai.,0
323,Main bilkul prabhavit nahi hua.,0
324,Sach mein is content se nirash hoon.,0
325,Aise hi samay ka vyarth hai.,0
326,Main manoranjan nahi hua.,0
327,Ye bas thik hai.,-1
328,Na accha na bura.,-1
329,Main iske prati neutral hoon.,-1
330,"Iske baare mein mujhe kaisa mahsoos ho raha hai, mujhe nahi pata.",-1
331,"Ye thik hai, mujhe lagta hai.",-1
332,Main iske prati udas hoon.,-1
333,"Mainne jo ummeed ki thi, vo nahi hai.",1
334,Nirash ho raha hoon.,1
335,Chot khayi hai.,1
336,Mujhe isse sach mein kuch nahi lagta.,1
337,Ye kuch nahi hai.,1
338,Ismein koi sanbandh nahi hai.,1
339,Ye sirf thik hai.,0
340,Main uske baare mein udas hoon.,0
341,Main ismein sandeh mein hoon.,0
342,Main ismein strong raay nahi rakhta.,0
343,Main iske prati neutral hoon.,0
344,Ye na to yahan hai na hi vahan.,0
345,Ye shot lajawab hai!,-1
346,Bas chamakta hua!,-1
347,Utkrisht kaam!,-1
348,Zehar hai!,-1
349,Bahut hi sundar tasveer!,-1
350,Aise hi ek pyaari photo!,-1
351,Main ismein ruchi nahi le raha hoon.,1
352,Ye accha nahi hai.,1
353,Nirasha janak gunvatta.,1
354,Mainne behtar ki ummeed ki thi.,1
355,Ye mujhe ruchi nahi deta.,1
356,Ye bhayanak hai.,0
357,Main nirash hoon.,0
358,"Mujhe iske baare mein kaisa mahsoos ho raha hai, mujhe nahi pata.",0
359,"Ye sadharan hai, mujhe lagta hai.",0
360,Main ismein asamajh hoon.,0
361,Main ismein niralaayak hoon.,-1
362,Main isse neutral hoon.,-1
363,Ye na to yahan hai na hi vahan.,-1
364,Ye shot lajawab hai!,-1
365,Utkrisht kaam!,-1
366,Kamaal ka!,1
367,Shandar tasveer!,1
368,Bilkul hairat angez!,1
369,Mera cup chai nahi hai. 😒,0
370,Yeh nirashajanak hai.,0
371,Mujhe prabhavit nahi kiya.,0
372,Giravat bhari kvaliti.,0
373,Mujhe ismein koi dilchaspi nahi hai.,0
374,Yeh bhayanak hai.,0
375,Mujhe santusht nahi hai. 😞,0
376,Iske baare mein udasin hoon.,-1
377,"Yeh theek hai, mujhe lagta hai.",-1
378,Mujhe mil jul ka anubhav hai. 🤔,-1
379,Main udasin hoon.,-1
380,Mujhe iske baare mein sure nahi hai. 🤔,-1
381,Yeh na idhar ka hai na udhar ka hai. 🤷,-1
382,Yeh shot lajawaab hai!,1
383,Bas stunni!,1
384,Mind-blowing!,1
385,Gorgeous picture! 💖,1
386,Bilkul manmohak! 😊,1
387,Yeh mere liye nahi hai.,0
388,Yeh nirashajanak hai.,0
389,Main prabhavit nahi hoon. 😕,0
390,Niche wali quality.,0
391,Mujhe ismein dilchaspi nahi hai.,0
392,Yeh bhayanak hai.,0
393,Main santusht nahi hoon. 😞,0
394,Iske baare mein neutral hoon.,-1
395,Mujhe mixed feelings hain.,-1
396,Main udas nahi hoon.,-1
397,Main iske baare mein sure nahi hoon.,-1
398,Yeh na to yahaan hai na wahaan.,-1
399,Yeh shot lajawab hai! 😍,1
400,Bas rochak hai! ✨,1
401,Anokha kaam! 👏,1
402,Udarta se bhara kaam! 🙌,1
403,Shaandaar tasveer!,1
404,"Upyogakarta.""",1
405,"""Mujhe mixed feelings hain.",1
406,Main udas nahi hoon.,0
407,Main iske baare mein sure nahi hoon.,0
408,Yeh na to yahaan hai na wahaan.,0
409,Yeh shot lajawab hai! 😍,0
410,Bas rochak hai! ✨,0
411,Anokha kaam! 👏,0
412,Udarta se bhara kaam! 🙌,0
413,Shaandaar tasveer!,-1
414,"Upyogakarta.""",-1
415,Mujhe mixed feelings hain. 🤔,-1
416,Main udas hoon.,0
417,Main iske baare mein sure nahi hoon. 🤔,-1
418,Yeh na to yahaan hai na wahaan.,-1
419,Gorgeous picture! 💖,1
420,Absolutely breathtaking! 😊,1
421,Yeh mera cup chai nahi hai.,0
422,Yeh nirasha janak hai.,0
423,Main prabhavit nahi hoon. 😕,0
424,Quality ne gira diya.,0
425,Mujhe ismein dilchaspi nahi hai.,0
426,Yeh bhayanak hai.,0
427,Main santusht nahi hoon. 😞,0
428,Is baare mein kuch khaas nahi.,-1
429,"Theek hai, lagta hai.",-1
430,Mujhe mixed feelings hain.,-1
431,Main udas hoon.,0
432,Main iske baare mein sure nahi hoon.,-1
433,Yeh na to yahaan hai na wahaan.,-1
434,Yeh shot lajawab hai! 😍,1
435,Bilkul shaandar! ✨,1
436,Anokha kaam! 👏,1
437,Mind-blowing! 🙌,1
438,Bilkul shandar kaam! 😍,1
439,Uttam kala! 👌,1
440,Yeh sachmuch jeniyas hai! ✨,1
441,Main sachmuch prabhavit hoon! 👏,1
442,Bilkul jaw-dropping! 💖,1
443,Dhoom macha diya hai talent ke saath! 🌟,1
444,Tumne apne aap ko peechhe chhoda hai! 🎉,1
445,Bahut prerna dayak hai! 💫,1
446,Yeh asardar hai! 🙌,1
447,Pura charmakar! 🌈,1
448,Yeh sabse achha hai! 💪,1
449,Bilkul anokha hai! 👍,1
450,Main ud gaya hoon! 🚀,1
451,Yeh ek mahakavya hai! 🎨,1
452,Incredibly beautiful! 😊,1
453,Shuddh perfection!,1
454,Mujhe isse pyaar hai! 💖,1
455,Bilkul zabardast! 😲,1
456,Yeh jaadui hai! ✨,1
457,Tum ek asli hunar ho! 👏,1
458,Bravo! 👏,1
459,Yeh kala hai! 🖼️,1
460,Itna mahir dikhaya gaya hai! 💪,1
461,Main khamosh hoon! 😶,1
462,Yeh asardar kaam hai! 🌟,1
463,Tumne toh kar dikhaya!,1
464,Yeh saans le lete hain!,1
465,Sachmuch kamaal hai!,1
466,Bilkul nirdosh! 💖,1
467,Bahut prabhavshali!,1
468,Yeh lajawab hai!,1
469,Main hairaan hoon!,1
470,Itni rachnatmakta!,1
471,Tumne mera dil jeet liya!,1
472,Yeh shudhh khushi hai!,1
473,Main prerna prapt hua hoon!,1
474,Aise hunar! ,1
475,Bilkul jabardast!,1
476,Yeh anokha hai!,1
477,Tumne saare ummeedon ko paar kiya hai! 🚀,1
478,Main isse hairaan hoon! 😲,1
479,Bilkul shandar! 👌,1
480,Yeh ek chamatkar hai! 🧠,1
481,Main tumhare hunar se vahmi hoon!,1
482,Main lafzon se pare impress hua hoon!,1
483,Tumhare paas ek uphaar hai! 🎁,1
484,Bilkul kamaal hai!,1
485,Yeh saccha sona hai! 💛,1
486,Main iska har hissa pyaar kar raha hoon! 💖,1
487,Tum ek sitara ho! ⭐,1
488,Yeh sabse acchi line hai!,1
489,Uttam kaam!,1
490,Yeh ek jaadu hai!,1
491,Bilkul shandar!,1
492,Yeh dilchasp hai!,1
493,Tum ek asli kalakar ho!,1
494,Main vahmi hoon!,1
495,Tumhare paas gambhir hunar hai!,1
496,Main isse pyaar kar raha hoon! 💖,1
497,Bilkul hairaan kar dene waala! 😍,1
498,Yeh agle level ka hai!,1
499,Tum rukne ka naam nahi lete!,1
500,Yeh ek legend hai!,1
501,Tum ek rachnatmak mahagyaan ho!,1
502,Yeh lajawab hai!,1
503,Main impress hua hoon!,1
504,Yeh ek khushi ka bhandar hai!,1
505,Tum ek ustaad ho!,1
506,Bilkul brilliant! 👏,1
507,Yeh ek kala ka kaam hai! 🖼️,1
508,Tum aag mein ho! 🔥,1
509,Main tumhare hunar se vahmi hoon! 🤩,1
510,Yeh lajawab hai! 😍,1
511,Tumhare paas sona ka sparsh hai!,1
512,Bilkul jabardast kaam! 💫,1
513,Yeh ek mahakavya hai!,1
514,Tumhare paas jaadu ki sparsh hai!,1
515,Yeh adbhut hai!,1
516,Tumhare paas gambhir kalaaye hain!,1
517,Bilkul dil ko choo lene wala hai!,1
518,Yeh sach mein nirvana hai! 💖,1
519,Tum lajawab ho!,1
520,Yeh ek chamatkar hai!,1
521,Tum ek asli prerna ho!,1
522,Bilkul dil ko chhoo lene wala hai!,1
523,Yeh ek durlabh hai! 🏆,1
524,Tum ek rachnatmak shakti ho!,1
525,Yeh rah jaane waala hai! 😲,1
526,Tum ek asli kalpana-shil ho! 🌈,1
527,Yeh ek jaadu hai! ✨,1
528,Tumhare paas Midas ka sparsh hai!,1
529,Bilkul adbhut hai!,1
530,Yeh top-notch hai!,1
531,Tum ek asli hunar ho,1
532,Yeh lajawab hai! 🤯,1
533,Tum ek alag star par ho! 🚀,1
534,Yeh dimaag ko hila dene waala hai! 🤯,1
535,Tum ek rachnatmak mahagyaan ho!,1
536,Yeh bilkul lajawab hai!,1
537,Adbhut kaam! 💯,1
538,Mujhe prabhavit nahi kiya.,0
539,Niraashajanak parinaam.,0
540,Maine behtar kvaliti ka anumaan rakha tha.,0
541,Yeh kami reh gayi hai.,0
542,Main isse santusht nahi hoon.,0
543,Niche gir gaya pradarshan. 😕,0
544,Yeh bas average hai.,0
545,Main ise mehsoos nahi kar raha hoon.,0
546,Yeh adhik nahi hai.,0
547,Yeh nirashajanak hai. 😞,0
548,Pariksha mein nahi hai.,0
549,Yeh mere ummeedon ko nahi poora karta. 😕,0
550,Yeh mujhe prabhavit nahi karta.,0
551,Main isse bahut khush nahi hoon.,0
552,Yeh nirashajanak hai. 😞,0
553,Main isse bhaari nahi hoon.,0
554,Yeh madhyama hai.,0
555,Yeh par se neeche hai.,0
556,Yeh kuch khaas nahi hai.,0
557,Yeh nirashajanak hai. 😞,0
558,Main bilkul prabhavit nahi hoon.,0
559,Yeh asantoshjanak hai.,0
560,Main prabhavit nahi hoon. 😕,0
561,Yeh akarshit nahi hai. 😕,0
562,Yeh akarshanheen hai.,0
563,Maine adhik ummeed ki thi.,0
564,Yeh bas theek hai.,0
565,Yeh niralaabh hai.,0
566,Yeh behtar mein madhyama hai.,0
567,Yeh waisa nahi hai jaise maine ummeed ki thi. 😔,0
568,Yeh nirasha janak khabar hai.,0
569,Yeh thoda nirasha janak hai.,0
570,Yeh kaafi nirasha janak hai.,0
571,Main zyada prabhavit nahi hoon.,0
572,Yeh bahut prabhavit nahi hai.,0
573,Yeh mere chai ka cup nahi hai.,0
574,Yeh waisa nahi hai jaise maine ummeed ki thi.,0
575,Main is parinaam se santusht nahi hoon. 😔,0
576,Yeh thoda nirasha janak hai.,0
577,Yeh madhyama mein lajawab hai. 😕,0
578,Yeh kaafi nirakshar hai. 😐,0
579,Yeh mere maapdaand ke anuroop nahi hai.,0
580,Yeh vishesh roop se prabhavit nahi hai.,0
581,Yeh madhyama hai.,0
582,Yeh khaas taur par akarshak nahi hai. 😞,0
583,Yeh khaas taur par lajawab nahi hai. 😒,0
584,Yeh bahut vichitra hai.,0
585,Yeh khaas taur par lajawab nahi hai.,0
586,Yeh abhyantar hai.,0
587,Yeh khaas taur par lajawab nahi hai.,0
588,Yeh khaas taur par akarshak nahi hai.,0
589,Yeh khaas taur par akarshak nahi hai.,0
590,Yeh bahut prabhavit nahi hai. 😔,0
591,Yeh khaas taur par akarshak nahi hai.,0
592,Yeh khaas taur par abhyantar nahi hai.,0
593,Yeh khaas taur par akarshak nahi hai. 😞,0
594,Yeh khaas taur par lajawab nahi hai. 😕,0
595,Yeh khaas taur par vichitra nahi hai. 😒,0
596,Yeh bahut abhutpurva nahi hai.,0
597,Yeh khaas taur par vichitra nahi hai.,0
598,Yeh thoda madhyama hai. 😐,0
599,Yeh khaas taur par lajawab nahi hai.,0
600,Yeh khaas taur par lajawab nahi hai.,0
601,Yeh khaas taur par yaadagar nahi hai.,0
602,Yeh khaas taur par yaadagar nahi hai.,0
603,Yeh bahut yaadagar nahi hai.,0
604,Yeh thoda saadhaaran hai.,0
605,Yeh khaas taur par akarshak nahi hai. 😞,0
606,Yeh khaas taur par niralaabh hai.,0
607,Yeh khaas taur par akarshak nahi hai. 😔,0
608,Yeh thoda saadhaaran hai.,0
609,Yeh khaas taur par prabhavit nahi hai. 😔,0
610,Yeh thoda saadhaaran hai.,0
611,Yeh thoda niraakarshak hai. 😞,0
612,Yeh thoda bekar hai. 😞,0
613,Yeh bahut hi nirasha janak hai. 😞,0
614,Yeh ashaaon se kam hai. 😕,0
615,Maine is par zyada ummeed ki thi. 😔,0
616,Purii tarah se prabhavit nahi hoon. 😒,0
617,Yeh ek poori viphalta hai. 😴,0
618,Viphal gunavatta. 😔,0
619,Kaafi asantoshajanak. 😕,0
620,Main poora roop se nirasha mein hoon. 😞,0
621,Yeh seedha saadhaaran hai. 😠,0
622,Samapt se neeche gir gaya. 😞,0
623,Khatarnaak gunavatta. 😔,0
624,Behad asantoshajanak. 😕,0
625,Main poori tarah se nirash hoon. 😞,0
626,Yeh seedha saadhaaran hai. 😞,0
627,"Nirasha janak, kehne ke liye kam hai. 😞",0
628,Nirakshar mein bhavuk. 😒,0
629,Yeh poori tarah se buraa hai. 😞,0
630,Dhyan se dekho toh kuch nahi hai. 😕,0
631,Maine isse zyada ummeed ki thi. 😔,0
632,Yeh poori tarah se nirasha janak hai. 😞,0
633,Yeh sabse bada asantosh hai. 😞,0
634,Kaafi nirakshar. 😕,0
635,Bhavuk mein bahut kami hai. 😔,0
636,Main poori tarah se prabhavit nahi hoon. 😕,0
637,Yeh bas nahi chal raha. 😞,0
638,Kaafi nirasha janak. 😞,0
639,Vishesh roop se akarshak nahi hai. 😔,0
640,Behad nirasha janak. 😞,0
641,Main is par poora adhikar nahi kiya ja sakta. 😞,0
642,Yeh ashaa se kam hai. 😞,0
643,Kaafi nirasha janak. 😔,0
644,Yeh vishesh roop se viksit nahi hai. 😞,0
645,Yeh ek poori viphalta hai. 😞,0
646,Kya nirasha! 😔,0
647,Maine iske liye uchit ummeed ki thi. 😕,0
648,Poora prabhavit nahi hoon. 😒,0
649,Yeh ek poori flop hai. 😴,0
650,Pratikool gunavatta. 😔,0
651,Behad asantoshajanak. 😕,0
652,Main poora nirash hoon. 😞,0
653,Yeh bas seedha saadhaaran hai. 😠,0
654,Maine isse zyada ummeed ki thi. 😔,0
655,Main iske saath bilkul nahi hoon. 😔,0
656,Yeh bas kaafi nahi hai. 😞,0
657,Aakarshan mein behad kami hai. 😔,0
658,Nirasha janak mein kami hai. 😞,0
659,Yeh poora adhik nahi karta. 😞,0
660,Yeh bilkul nirasha janak hai. 😞,0
661,"Kaafi adhik nirasha janak, afsos ki baat hai. 😔",0
662,Maine isse behtar ummeed ki thi. 😕,0
663,Yeh mujhe bilkul nahi lag raha hai. 😔,0
664,Yeh bas kafi nahi hai. 😞,0
665,Aakarshan mein kaafi kami hai.,0
666,"Yeh uchit se dur hai, afsos ki baat hai. 😞",0
667,"Mujhe kehna padega, yeh mujhe bilkul pasand nahi aa raha hai. 😔",0
668,"Kaafi nirasha janak, mujhe darr lag raha hai. 😞",0
669,Umeedon ko dhyaan mein rakhte hue kaafi nirasha janak. 😔,0
670,"Main maan leta hoon, yeh khaas taur par up to date nahi hai. 😞",0
671,Yahan par prayas ki kami se bahut nirash hoon. 😔,0
672,"Har vibhaag mein kaafi kami, mujhe afsos hai. 😞",0
673,Yeh bilkul bhi mere vicharon ke anuroop nahi hai. 😔,0
674,"Gunavatta aur tatv mein kaafi kami, bina kisi shanka ke. 😞",0
675,Paristhitiyon ko dhyaan mein rakhte hue khaas nirasha janak. 😔,0
676,"Mujhe afsos hai, yeh mujhe bilkul prabhavit nahi kar raha hai. 😔",0
677,"Bahut nirakarsh pratperformance, sachai mein. 😞",0
678,"Durr se bhi nahi kareeb kuch, jo ki ummeed ki ja rahi thi. 😞",0
679,"Yeh kisi bhi tarah se svikar ke yogya nahi hai, mujhe afsos hai. 😔",0
680,Bina kisi shanka ke bahut nirasha janak. 😞,0
681,"Main maan leta hoon, yeh khaas taur par nirasha janak hai. 😔",0
682,"Mujhe kehna padega, yeh kaafi ashaant hai. 😞",0
683,"Mujhe is parinaam se bahut nirasha hai, afsos ki baat hai. 😔",0
684,"Umeedon ko dhyaan mein rakhte hue, kaafi nirasha janak. 😞",0
685,"Yeh mujhe bilkul pasand nahi aa raha hai, mujhe afsos hai. 😔",0
686,"Har peshi mein kaafi kami, bina kisi shanka ke. 😞",0
687,"Umeedon ko dhyaan mein rakhte hue, bahut nirasha janak hai. 😔",0
688,"Prayatanon ko dhyaan mein rakhte hue, mujhe afsos hai. 😔",0
689,"Umeedon se dur, mujhe afsos hai. 😞",0
690,Zabardast!,1
691,Wah!,1
692,Shandar!,1
693,Badhiya!,1
694,Adbhut!,1
695,Umda!,1
696,Kamal!,1
697,Wah kya baat hai!,1
698,Mazedar!,1
699,Dil khush kar diya!,1
700,Bahut accha!,1
701,Khoobsurat!,1
702,Kya baat hai!,1
703,Wah wah!,1
704,Behad khubsurat!,1
705,Kamaal ka kaam!,1
706,Dil jeet liya!,1
707,Badiya kaam!,1
708,Bahut hi achha!,1
709,Bhut achha!,1
710,Dil ko choo gaya!,1
711,Bilkul sahi!,1
712,Mazedaar!,1
713,"Wah, kya rang hai!",1
714,Jhakaas!,1
715,Kamal ki baat hai!,1
716,Mazaa aa gaya!,1
717,Wah ji wah!,1
718,Kamaal kar diya!,1
719,Badhiya kaam kiya!,1
720,Mast hai!,1
721,Dil se pasand!,1
722,"Wah, kya khoobsurati hai!",1
723,Bahut hi pyaara!,1
724,Bahut hi achha kiya!,1
725,"Wah, kya jalwa hai!",1
726,Bilkul fadu!,1
727,Maza aa gaya!,1
728,"Wah, kya nazara hai!",1
729,Bahut hi shaandaar!,1
730,Dil ko chhu liya!,1
731,Bahut umda!,1
732,Bahut hi zabardast!,1
733,"Kya baat, kya baat!",1
734,Bahut hi badiya!,1
735,Bahut hi mazedaar!,1
736,Bahut hi uttam!,1
737,"Wah, kya chamak hai!",1
738,Bahut hi sundar!,1
739,Dil ko behlaya!,1
740,"Wah, kya jadoo hai!",1
741,Bilkul perfect!,1
742,Bahut hi impressive!,1
743,Bahut hi pyaara lag raha hai!,1
744,Bahut hi acche se kiya hai!,1
745,Dil se badhiya!,1
746,Bahut hi attractive!,1
747,Mast nazar aa raha hai!,1
748,Bahut hi zabardast kaam!,1
749,Bahut hi rangin!,1
750,Bilkul outstanding!,1
751,Bahut hi khoobsurat lag raha hai!,1
752,Bahut hi shaan-daar kaam!,1
753,Bahut hi dhamakedaar!,1
754,Bahut hi behetareen!,1
755,Dil ko lubha liya!,1
756,Bahut hi chamakdaar!,1
757,Bahut hi khoobsurat nazar aa raha hai!,1
758,Bilkul mazedaar!,1
759,Bahut hi badiya lag raha hai!,1
760,Dil se pyaara!,1
761,Bahut hi umda kaam!,1
762,Bahut hi badhiya nazaara hai!,1
763,Bilkul zabardast!,1
764,Bahut hi attractive lag raha hai!,1
765,Dil ko choo gaya!,1
766,Bahut hi impressive hai!,1
767,Bahut hi umda lag raha hai!,1
768,Bahut hi pyaara kaam kiya hai!,1
769,Bilkul khidmatguzar!,1
770,Bahut hi rangeen hai!,1
771,Bahut hi shaandaar dikh raha hai!,1
772,Bahut hi mazedar kaam!,1
773,Dil se bada hi pyaara!,1
774,Bahut hi chamakdaar lag raha hai!,1
775,Bilkul akalmandi se kiya hai!,1
776,Bahut hi mazboot!,1
777,Bahut hi manohar!,1
778,Bahut hi bhavya dikh raha hai!,1
779,Bahut hi sundar hai!,1
780,Dil ko choo lene waala!,1
781,Bahut hi uphaar!,1
782,Bahut hi akarshak!,1
783,Bahut hi aakarshan hai!,1
784,Bahut hi utkrist!,1
785,Dil se badhiya lag raha hai!,1
786,Bahut hi pyaara vaataavaran!,1
787,Bahut hi saubhagyashaali!,1
788,Bahut hi umda peshkash!,1
789,Bilkul mast!,1
790,Bahut hi prabhavshaali!,1
791,Kya bakwaas hai!,0
792,Bahut hi ghatiya!,0
793,Bilkul bekaar!,0
794,Bilkul nakli!,0
795,Bahut hi nirashajanak!,0
796,Kya bekar kaam kiya hai!,0
797,Bilkul nalayak!,0
798,Yeh kya tha!,0
799,Bahut hi kharaab!,0
800,Kachra!,0
801,Kya jhootha hai!,0
802,Bilkul bharpet!,0
803,Bahut hi bebas!,0
804,Bilkul farzi!,0
805,Kya thanda hai!,0
806,Bahut hi bakwas!,0
807,Bilkul niraashaajanak!,0
808,Yeh kya bakwaas hai!,0
809,Bahut hi ganda!,0
810,Kya adbhut nakaaratmakta hai!,0
811,Bilkul nakli lag raha hai!,0
812,Yeh toh ulta hai!,0
813,Bahut hi ganda kaam!,0
814,Bilkul bekar dikh raha hai!,0
815,Kya bekaar kaam hai!,0
816,Bahut hi nirarthak!,0
817,Yeh kya jhooth bol raha hai!,0
818,Bilkul nakli hai!,0
819,Kya jhoothi tareef karte ho!,0
820,Bahut hi kharab lag raha hai!,0
821,Yeh kya adhoora hai!,0
822,Bilkul bekaar peshkash!,0
823,Kya ghinona hai!,0
824,Bahut hi bebas lag raha hai!,0
825,Yeh kya bakwaas vaataavaran hai!,0
826,Bilkul ghinona!,0
827,Kya faltu hai!,0
828,Bahut hi ganda dikh raha hai!,0
829,Yeh kya nirarthak hai!,0
830,Bilkul bekaar uphaar!,0
831,Kya bekar vyakti hai!,0
832,Bahut hi bekar vyavahaar!,0
833,Yeh kya asahayak hai!,0
834,Bilkul bharpet tareef!,0
835,Kya bakwaas soch hai!,0
836,Bahut hi niraashajanak!,0
837,Yeh kya pakhand hai!,0
838,Bilkul faltu!,0
839,Kya bekar natak hai!,0
840,Bahut hi nirarthak peshkash!,0
841,Yeh kya bhramak hai!,0
842,Bilkul asahayak!,0
843,Kya bekar samay hai!,0
844,Bahut hi nirarthak vyavahaar!,0
845,Yeh kya ghinona tareef hai!,0
846,Bilkul nakli tareef!,0
847,Kya bekar vyakti hai tu!,0
848,Bahut hi bekar kaam!,0
849,Yeh kya khatarnak hai!,0
850,Bilkul bekaar soch!,0
851,Kya ghinona vyakti hai tu!,0
852,Bahut hi ghatiya vyavahaar!,0
853,Yeh kya jhootha uphaar hai!,0
854,Bilkul nakli vyakti!,0
855,Kya bekar samay hai yeh!,0
856,Bahut hi kharab vyakti!,0
857,Yeh kya khatarnak vyavahaar hai!,0
858,Bilkul nakli vyavahaar!,0
859,Kya bekaar soch hai teri!,0
860,Bahut hi ghatiya samay!,0
861,Yeh kya faltu vyavahaar hai!,0
862,Bilkul ghinona vyavahaar!,0
863,Kya bekar vyavastha hai!,0
864,Bahut hi nakli tareef!,0
865,Yeh kya adhoora vyavahaar hai!,0
866,Bilkul asahayak vyavahaar!,0
867,Kya bakwaas vyakti hai tu!,0
868,Bahut hi bekar vyavahaar!,0
869,Yeh kya jhootha vyavahaar hai!,0
870,Bilkul ghinona vyakti!,0
871,Kya bekar vyakti hai tu!,0
872,Bahut hi kharab soch hai teri!,0
873,Yeh kya bebas vyavahaar hai!,0
874,Bilkul faltu vyakti!,0
875,Kya bekar vyavahaar hai!,0
876,Bahut hi nakli vyavahaar!,0
877,Yeh kya asahayak vyavahaar hai!,0
878,Bilkul ghatiya vyakti!,0
879,Kya ghinona vyavahaar hai!,0
880,Bahut hi bekar samay!,0
881,Yeh kya faltu vyavahaar hai!,0
882,Bilkul ghinona vyavastha!,0
883,Kya bekar vyavastha hai!,0
884,Bahut hi nakli vyavastha!,0
885,Yeh kya kharab vyavahaar hai!,0
886,Bilkul bekar vyavahaar!,0
887,Kya bekaar vyavahaar hai tera!,0
888,Bahut hi faltu vyavahaar!,0
889,Yeh kya khatarnak vyavahaar hai!,0
890,Bilkul nakli vyavahaar hai!,0
891,yeh samanya hai.,-1
892,Kuch khaas nahi hai.,-1
893,Lagbhag tik hai.,-1
894,Kuch khaas nahi lag raha.,-1
895,Yeh toh aam baat hai.,-1
896,Koi khaas dikkat nahi hai.,-1
897,Aam taur par thik hai.,-1
898,Kuch khaas nahi ho raha.,-1
899,Woh khaas nahi lag raha.,-1
900,Kuch khas nahi dikh raha.,-1
901,Bas theek hai.,-1
902,Aam baat hai.,-1
903,Kuch alag nahi hai.,-1
904,Woh kuch hatkar nahi hai.,-1
905,Kuch vishesh nahi lag raha.,-1
906,Kuch khas nahi hai lag raha.,-1
907,Bas samanya hai.,-1
908,Woh bhi kuch khaas nahi.,-1
909,Woh bhi kuch hatkar nahi.,-1
910,Kuch khas nahi lag raha hai.,-1
911,Main iske baare mein nirbhik hoon. ,-1
912,Kuch aisa nahi hai.,-1
913,Kuch khaas anubhav nahi hai.,-1
914,Bas tik hai.,-1
915,Kuch khaas anubhav nahi lag raha.,-1
916,Woh bhi samanya hai.,-1
917,Woh bhi kuch khaas nahi.,-1
918,Kuch alag nahi dikh raha.,-1
919,Bas waisa hi hai.,-1
920,Kuch nahi khaas hai.,-1
921,Bas waisa hi lag raha hai.,-1
922,Kuch khaas nahi dikhai de raha.,-1
923,Woh bhi aam hai.,-1
924,Kuch khaas nahi dikhai de raha hai.,-1
925,Woh bhi kuch hatkar nahi dikh raha.,-1
926,Kuch vishesh nahi hai.,-1
927,Bas waisa hi thik hai.,-1
928,Woh bhi samanya hai.,-1
929,Kuch khaas nahi dikh raha hai.,-1
930,Bas waisa hi lag raha hai.,-1
931,Kuch khaas nahi ho raha hai.,-1
932,Woh bhi kuch alag nahi hai.,-1
933,Kuch alag nahi lag raha hai.,-1
934,Bas wohi hai.,-1
935,Kuch khaas nahi lag raha hai.,-1
936,Woh bhi bas waisa hi hai.,-1
937,Kuch khaas nahi ho raha hai.,-1
938,Bas wohi hai.,-1
939,Woh bhi aam hai.,-1
940,Kuch vishesh nahi lag raha hai.,-1
941,Bas aam hai.,-1
942,Woh bhi kuch hatkar nahi hai.,-1
943,Kuch nahi naya hai.,-1
944,Bas samanya hai.,-1
945,Kuch khaas nahi dikhai de raha hai.,-1
946,Woh bhi bas waisa hi hai.,-1
947,Kuch vishesh nahi hai.,-1
948,Bas waisa hi hai.,-1
949,Kuch alag nahi dikh raha hai.,-1
950,Woh bhi samanya hai.,-1
951,Kuch khaas nahi ho raha hai.,-1
952,Bas waisa hi lag raha hai.,-1
953,Kuch khaas nahi dikh raha hai.,-1
954,Woh bhi bas thik hai.,-1
955,Kuch khaas nahi lag raha hai.,-1
956,Bas waisa hi hai.,-1
957,Kuch naya nahi hai.,-1
958,Woh bhi samanya hai.,-1
959,Bas waisa hi thik hai.,-1
960,Kuch alag nahi ho raha hai.,-1
961,Woh bhi bas waisa hi hai.,-1
962,Kuch naya nahi dikh raha hai.,-1
963,Bas waisa hi lag raha hai.,-1
964,Kuch khaas nahi ho raha hai.,-1
965,Woh bhi aam hai.,-1
966,Bas waisa hi hai.,-1
967,Kuch naya nahi hai.,-1
968,Woh bhi samanya hai.,-1
969,Bas waisa hi thik hai.,-1
970,Kuch alag nahi dikh raha hai.,-1
971,Bas samanya hai.,-1
972,Kuch khaas nahi ho raha hai.,-1
973,Woh bhi bas waisa hi hai.,-1
974,Kuch alag nahi hai.,-1
975,Bas waisa hi lag raha hai.,-1
976,Kuch khaas nahi lag raha hai.,-1
977,Woh bhi samanya hai.,-1
978,Bas thik hai.,-1
979,Kuch khaas nahi dikhai de raha hai.,-1
980,Woh bhi bas waisa hi hai.,-1
981,Bas samanya hai.,-1
982,Kuch vishesh nahi hai.,-1
983,Woh bhi bas waisa hi hai.,-1
984,Kuch khaas nahi lag raha hai.,-1
985,Bas waisa hi hai.,-1
986,Kuch naya nahi hai.,-1
987,Woh bhi samanya hai.,-1
988,Bas waisa hi thik hai.,-1
989,Kuch alag nahi dikh raha hai.,-1
990,Bas samanya hai.,-1
991,Nakami,0
992,Nirasha,0
993,Niraash,0
994,Nakaam,0
995,Nakhush,0
996,Nirman,0
997,Nisthawan,0
998,Nakaratmak,0
999,Nishedh,0
1000,Nindaniya,0
1001,Nishev,0
1002,Nireekshan,0
1003,Niruddesh,0
1004,Nimantran,0
1005,Niradar,0
1006,Nispat,0
1007,Niraadar,0
1008,Nirakshan,0
1009,Nirasa,0
1010,Nistabdhta,0
1011,Adbhut,1
1012,Shandar,1
1013,Utkrisht,1
1014,Pratibhaavan,1
1015,Ujjwal,1
1016,Prerit,1
1017,Anmol,1
1018,Udyam,1
1019,Udgam,1
1020,Uplabdh,1
1021,Prabal,1
1022,Prerna,1
1023,Utkarsh,1
1024,Utsahit,1
1025,Aakarshak,1
1026,Prerana,1
1027,Ujjwal,1
1028,Prakhar,1
1029,Ujjwal,1
1030,Udbhav,1
1031,Samanya,-1
1032,Madhyam,-1
1033,Nishchit,-1
1034,Anyatha,-1
1035,Vichar,-1
1036,Anishchit,-1
1037,Antarbhav,-1
1038,Sambhav,-1
1039,Samadhan,-1
1040,Sthiti,-1
1041,Aniyamit,-1
1042,Anavashyak,-1
1043,Nirnay,-1
1044,Vyavhar,-1
1045,Avyavaharik,-1
1046,Apratyaashit,-1
1047,Aashchary,-1
1048,Samiksha,-1
1049,Aashanka,-1
1050,Abhivyakt,-1
1051,achha,1
1052,bura,0
1053,thik,-1
1054,muze yeh achha laga,1
1055,muze yeh pasand aya,1
1056,yeh achha hai,1
1057,yeh muze achha laga,1
1058,thik hai,-1
1059,Yeh kya bakwaas hai? Delete kardo.,0
1060,Bilkul bhi maza nahi aaya. Next time better try karo.,0
1061,"Kuch bhi karke apne filters ko thoda kam karo, naturalness gayab hai.",0
1062,"Arre yaar, itna overacting mat karo.",0
1063,Kisi bhi angle se yeh pic bilkul fit nahi hai.,0
1064,"Kitna boring hai yeh post, kuch interesting karo.",0
1065,Tumhara style bilkul outdated lag raha hai.,0
1066,Aise pics se toh bilkul bhi inspiration nahi milti.,0
1067,"Kya bakwas editing ki hai, sach me spoil kar diya pic ko.",0
1068,"Yeh pic bilkul off hai, kuch aur try karo.",0
1069,bakwaas hai,0
1070,delete krdo,0
1071,maza nhi aya ,0
1072,isse achha hona chahiye tha,0
1073,"Wow! Kamaal ka shot hai yaar, dil khush ho gaya dekh ke.",1
1074,Killer look! You're slaying it as always. 😍,1
1075,"Mast hai yaar, koi aur caption daal do aur post karo.",1
1076,Picture perfect! Tumhara photography skills dekh ke maza aa gaya.,1
1077,"Aise hi pics daalte raho, humesha inspire karte ho.",1
1078,"Bahut hi stylish dikh rahe ho, keep it up!",1
1079,Kya baat hai! Dhamakedar pose hai bhai.,1
1080,"Tumhara smile toh dil jeet leti hai, keep smiling always.",1
1081,"Kitni creativity hai, wah! Full marks for originality.",1
1082,"Kuch alag karne ki koshish kar rahe ho, aur woh bahut noticeable hai.",1
1083,kamal ki post hai,1
1084,kamal ka shot hai,1
1085,dil khush ho gya,1
1086,dil khush ,1
1087,bahut achha look hai,1
1088,chehare me muskurahat acchi hai,1
1089,muskurahat,1
1090,mast hai post,1
1091,inspirational post hai,1
1092,stylish look hai,1
1093,stylish,1
1094,dhamakedar,1
1095,dil jeet liya,1
1096,smile achhi hai,1
1097,smile,1
1098,achhi hai,1
1099,bahut khub,1
1100,Vo Sundar hai.,1
1101,Param Sundari.,1
1102,Main nahi jaanta.,-1
1103,Behtar nahi ho sakta.,1
1104,Bahut achha hai!,1
1105,Kamal!,1
1106,Kamal kar diya!,1
1107,Bahut hi mast!,1
1108,Performance bahut achha hai.,1
1109,Bahut achha performance.,1
1110,Zabardast!,1
1111,Vo sundar nahi hai.,0
1112,Rani!,0
1113,Gaaliyan!,0
1114,"Haan, yeh sach baat hai, ab competition zyada hai aur talent kam.",1
1115,Talent bhi zaroori hai.,1
1116,Bilkul sahi.,1
1117,"Agar tum achhe se act karte, toh Bollywood mein tik jaate.",1
1118,Tumhare ander saccha dil dikhta hai.,1
1119,Talent baat karta hai.,1
1120,Tu to kuch bhi nahi.,0
1121,Drama queen.,0
1122,Survival.,0
1123,Talent kahan hai?,0
1124,Nankhushi.,0
1125,Double standards.,0
1126,Yeh sach hai.,0
1127,Log bahut nirashajanak hain.,0
1128,Bada mazaak hai.,0
1129,Sangharsh.,0
1130,Tumhara kaun sahayata karega?,0
1131,Sab kismat ki baat hai.,1
1132,Hot.,1
1133,Aalsi,1
1134,Drama aur bahaane.,1
1135,Jabardast.,1
1136,Hamesha sundar.,1
1137,Bahut pyaara.,1
1138,"Wow, sundar.",1
1139,Marathi look bahut stunning.,1
1140,Badhai ho.,1
1141,Bahut achhi picture hai.,1
1142,"Jo hua, achha hua.",1
1143,Yeh to achhi baat hai.,1
1144,Samman.,1
1145,Ayeee hyeee.,1
1146,Bahut pyaari.,1
1147,"Oyye hoy, kisi ki nazar na lage.",1
1148,Chand nazar aaya.,1
1149,Sundar.,1
1150,Ohooo.,1
1151,Main tumhara bada fan hoon.,1
1152,Hamesha awesome lagti ho.,1
1153,Meri sabse sundar titli.,1
1154,Achha result.,1
1155,Achha utpad.,1
1156,Sabse achha.,1
1157,Sabhi shubhkamnayein.,1
